CustomerID,Churn,Tenure,PreferredLoginDevice,CityTier,WarehouseToHome,PreferredPaymentMode,Gender,HourSpendOnApp,NumberOfDeviceRegistered,PreferedOrderCat,SatisfactionScore,MaritalStatus,NumberOfAddress,Complain,OrderAmountHikeFromlastYear,CouponUsed,OrderCount,DaySinceLastOrder,CashbackAmount
10734693,0,19.0,Mobile Phone,Elijahbury,17.0,Debit Card,Male,3.0,4,Laptop & Accessory,2,Divorced,5,0,22.0,2.0,12.0,9.0,166
3546599,0,3.0,Phone,West Bryan,,Credit Card,Male,2.0,5,Others,5,Married,2,1,13.0,0.0,2.0,6.0,219
8335027,0,1.0,Computer,Michaelburgh,10.0,Credit Card,Male,2.0,4,Laptop & Accessory,5,Divorced,2,0,16.0,3.0,4.0,3.0,107
6028771,1,0.0,Phone,Benjaminstad,16.0,Debit Card,Male,2.0,5,Fashion,5,Divorced,4,0,12.0,,2.0,1.0,163
5844949,0,0.0,Phone,Barnesport,7.0,Credit Card,Female,2.0,2,Mobile,4,Single,5,0,18.0,10.0,2.0,1.0,118
8828426,0,7.0,Phone,West Rachel,32.0,Debit Card,Female,3.0,1,Others,2,Single,3,0,16.0,0.0,3.0,4.0,160
4650151,1,0.0,Phone,Port Deborah,12.0,E wallet,Female,3.0,4,Laptop & Accessory,5,Married,7,1,16.0,0.0,4.0,1.0,300
9727611,0,2.0,Computer,Bookerbury,33.0,Debit Card,Female,3.0,3,Laptop & Accessory,4,Married,4,0,18.0,9.0,5.0,15.0,140
2179414,0,10.0,Mobile Phone,Huffmanberg,14.0,UPI,Female,2.0,3,Laptop & Accessory,3,Married,2,0,20.0,0.0,2.0,11.0,119
3358217,0,2.0,Computer,Harrisbury,31.0,Debit Card,Female,2.0,5,Laptop & Accessory,3,Divorced,7,0,12.0,0.0,4.0,3.0,140
3139501,0,18.0,Mobile Phone,New David,7.0,Credit Card,Female,2.0,3,Grocery,3,Married,5,0,,2.0,15.0,8.0,237
11872386,0,0.0,Computer,New Michael,18.0,Debit Card,Female,,4,Laptop & Accessory,5,Divorced,2,0,12.0,0.0,2.0,2.0,113
16312324,0,1.0,Mobile Phone,New Charles,7.0,Credit Card,Male,3.0,4,Mobile Phone,4,Divorced,2,0,13.0,0.0,2.0,6.0,233
13573606,1,0.0,Computer,Michaelville,13.0,COD,Male,,3,Laptop & Accessory,3,Married,2,0,13.0,1.0,15.0,,88
2692209,0,28.0,Mobile Phone,New Michellemouth,10.0,Debit Card,Male,2.0,3,Mobile Phone,4,Married,5,0,13.0,3.0,4.0,6.0,148
8690442,0,0.0,Computer,Riceburgh,8.0,Debit Card,Female,3.0,4,Mobile,3,Single,2,1,13.0,4.0,3.0,,89
3538017,0,8.0,Mobile Phone,Johnsonview,12.0,CC,Male,3.0,3,Laptop & Accessory,2,Married,3,0,13.0,2.0,4.0,4.0,219
9316679,0,2.0,Phone,Anthonyburgh,21.0,Credit Card,Female,2.0,4,Fashion,3,Divorced,2,0,12.0,2.0,3.0,2.0,133
2010532,0,0.0,Computer,Martinezland,10.0,Debit Card,Male,,3,Mobile Phone,3,Married,2,0,17.0,0.0,2.0,2.0,85
7218778,0,0.0,Mobile Phone,Hodgefurt,28.0,Debit Card,Male,3.0,3,Laptop & Accessory,3,Divorced,6,0,12.0,2.0,6.0,2.0,172
6932194,0,,Computer,East Carriemouth,14.0,Credit Card,Male,2.0,3,Laptop & Accessory,3,Divorced,6,0,16.0,0.0,3.0,4.0,74
4704626,0,,Mobile Phone,Port Thomasville,9.0,COD,Male,2.0,4,Mobile,5,Single,3,1,14.0,12.0,12.0,9.0,171
12361431,0,6.0,Mobile Phone,South Jessicahaven,,Debit Card,Female,2.0,4,Grocery,3,Divorced,4,1,22.0,6.0,14.0,3.0,271
9786572,0,0.0,Mobile Phone,Pricestad,12.0,Credit Card,Male,2.0,3,Laptop & Accessory,2,Divorced,3,1,20.0,7.0,3.0,9.0,141
3951345,0,30.0,Mobile Phone,Lucerohaven,7.0,E wallet,Male,3.0,1,Others,2,Married,3,0,13.0,6.0,13.0,,243
9478281,0,1.0,Computer,Floresburgh,15.0,CC,Female,3.0,4,Grocery,4,Single,2,1,12.0,0.0,2.0,7.0,233
4258837,0,,Computer,South Shaunside,26.0,Debit Card,Female,2.0,2,Laptop & Accessory,3,Divorced,5,0,19.0,2.0,8.0,6.0,116
16211814,0,9.0,Mobile Phone,Lake Connor,9.0,Credit Card,Male,3.0,4,Laptop & Accessory,2,Divorced,4,1,12.0,13.0,13.0,,184
1841419,0,,Computer,East Lorrainehaven,15.0,Debit Card,Male,2.0,3,Mobile,3,Single,3,0,16.0,0.0,2.0,1.0,121
9281303,1,0.0,Phone,West Brandonland,14.0,Credit Card,Male,2.0,3,Laptop & Accessory,2,Single,4,1,17.0,2.0,2.0,2.0,142
11805603,0,10.0,Phone,Lake Terri,8.0,CC,Female,3.0,4,Mobile,4,Single,3,0,18.0,13.0,15.0,9.0,168
8373086,0,4.0,Computer,New Kristin,,Debit Card,Female,2.0,3,Mobile Phone,3,Divorced,2,0,13.0,0.0,7.0,2.0,104
8145337,0,0.0,Mobile Phone,Tinaside,21.0,Credit Card,Female,3.0,5,Mobile,3,Divorced,2,1,13.0,0.0,2.0,2.0,181
3533455,0,9.0,Computer,Delacruzside,26.0,Debit Card,Female,3.0,4,Fashion,3,Divorced,3,0,17.0,11.0,15.0,5.0,156
7747828,1,,Mobile Phone,East Robertaborough,23.0,CC,Male,,4,Laptop & Accessory,2,Divorced,6,0,12.0,0.0,2.0,3.0,211
13789660,0,,Computer,West Brendachester,32.0,CC,Female,,3,Fashion,3,Married,2,0,21.0,0.0,12.0,8.0,227
735375,0,3.0,Mobile Phone,Williamsmouth,25.0,Credit Card,Male,2.0,2,Laptop & Accessory,3,Married,6,1,13.0,0.0,2.0,,215
15227687,0,18.0,Phone,South Erin,18.0,Credit Card,Male,2.0,4,Mobile Phone,5,Married,3,0,15.0,1.0,14.0,3.0,197
3455738,0,10.0,Mobile Phone,Starkmouth,9.0,Debit Card,Female,3.0,3,Mobile,3,Single,2,0,16.0,0.0,5.0,7.0,131
719628,0,1.0,Mobile Phone,Frankhaven,6.0,UPI,Male,3.0,4,Laptop & Accessory,2,Married,3,0,13.0,0.0,2.0,3.0,122
16097677,0,0.0,Phone,New Jeffrey,8.0,CC,Male,,4,Fashion,3,Married,5,0,17.0,2.0,2.0,1.0,175
3317102,1,7.0,Phone,Wilkinsfurt,12.0,Credit Card,Male,2.0,3,Grocery,5,Single,9,0,21.0,1.0,12.0,7.0,284
15225604,0,,Computer,East Mark,14.0,Credit Card,Male,2.0,3,Grocery,5,Married,2,0,14.0,1.0,15.0,3.0,217
11047838,0,18.0,Mobile Phone,Edwinport,15.0,Debit Card,Male,2.0,4,Fashion,4,Single,5,0,17.0,2.0,3.0,1.0,182
4417471,1,0.0,Mobile Phone,Andrehaven,15.0,Credit Card,Male,2.0,5,Others,3,Divorced,5,0,19.0,0.0,15.0,10.0,170
16265212,0,19.0,Mobile Phone,Lake Julie,6.0,E wallet,Male,2.0,3,Mobile,5,Single,3,0,14.0,0.0,15.0,12.0,173
5649750,1,3.0,Phone,West Jonathan,11.0,Debit Card,Male,2.0,3,Laptop & Accessory,2,Divorced,3,0,12.0,0.0,12.0,4.0,117
5087902,1,4.0,Phone,Kennethview,16.0,Debit Card,Male,2.0,4,Grocery,4,Married,2,1,12.0,5.0,15.0,3.0,190
14515496,0,0.0,Computer,West Nancy,,Credit Card,Male,2.0,4,Mobile,2,Divorced,2,1,14.0,4.0,11.0,6.0,124
10047466,0,17.0,Mobile Phone,Port Elijah,15.0,CC,Male,3.0,5,Mobile,2,Divorced,5,0,15.0,2.0,5.0,17.0,208
14375082,0,1.0,Phone,North Kimberlyfurt,7.0,Debit Card,Male,3.0,4,Fashion,3,Single,3,0,16.0,0.0,15.0,12.0,228
4932911,0,0.0,Computer,West Christinaburgh,21.0,Debit Card,Male,2.0,3,Laptop & Accessory,4,Married,2,0,13.0,4.0,7.0,10.0,94
4409540,0,0.0,Phone,South Patricia,35.0,E wallet,Female,3.0,2,Laptop & Accessory,4,Single,3,0,18.0,1.0,12.0,4.0,185
5466741,0,0.0,Phone,North Marvinhaven,31.0,Debit Card,Male,2.0,3,Laptop & Accessory,4,Married,4,0,19.0,0.0,2.0,1.0,117
10945928,0,6.0,Mobile Phone,Tonyaberg,,COD,Female,2.0,3,Laptop & Accessory,2,Single,2,1,17.0,1.0,15.0,9.0,166
1196720,0,0.0,Phone,Flynntown,7.0,Debit Card,Male,2.0,3,Fashion,4,Divorced,5,0,14.0,0.0,3.0,2.0,193
16423131,0,3.0,Phone,Kristinatown,,Debit Card,Male,2.0,3,Fashion,3,Divorced,2,0,13.0,3.0,13.0,11.0,175
4318469,1,0.0,Phone,Ibarraland,18.0,Debit Card,Male,2.0,3,Mobile,3,Divorced,3,1,15.0,0.0,2.0,2.0,104
11354200,1,1.0,Computer,New Melissa,22.0,COD,Female,2.0,3,Laptop & Accessory,2,Single,2,0,12.0,11.0,14.0,2.0,153
941332,0,,Mobile Phone,Lake Bryanton,12.0,Debit Card,Male,2.0,3,Fashion,2,Single,2,0,12.0,1.0,15.0,4.0,195
2258080,0,0.0,Phone,South Cody,7.0,Debit Card,Female,3.0,4,Grocery,4,Single,2,0,12.0,3.0,15.0,3.0,181
15525894,0,8.0,Mobile Phone,Jacksontown,27.0,E wallet,Female,2.0,5,Others,4,Single,8,1,16.0,13.0,4.0,3.0,167
11256436,0,,Mobile Phone,Alexanderberg,7.0,Debit Card,Female,2.0,4,Laptop & Accessory,2,Divorced,3,0,21.0,2.0,13.0,11.0,154
12297250,0,1.0,Mobile Phone,Nicholastown,18.0,Credit Card,Female,2.0,4,Laptop & Accessory,2,Divorced,6,0,22.0,0.0,5.0,2.0,133
9268335,0,0.0,Phone,Robertfort,10.0,Debit Card,Male,2.0,5,Laptop & Accessory,2,Single,2,1,23.0,0.0,,11.0,160
1953916,0,,Mobile Phone,West Matthewland,15.0,Debit Card,Male,2.0,3,Mobile,3,Married,2,0,14.0,0.0,11.0,7.0,252
15968239,0,1.0,Phone,Huffmanside,8.0,Credit Card,Male,3.0,2,Mobile,2,Single,2,0,14.0,5.0,2.0,4.0,169
2621592,0,18.0,Phone,South Richard,28.0,E wallet,Male,,3,Grocery,3,Single,3,0,16.0,0.0,15.0,5.0,193
15669949,0,,Computer,North Jermaine,13.0,Debit Card,Male,2.0,3,Others,2,Single,3,0,15.0,3.0,2.0,1.0,105
13915270,0,12.0,Mobile Phone,Martintown,7.0,Debit Card,Male,2.0,1,Fashion,2,Single,3,1,14.0,1.0,15.0,14.0,300
3793511,0,1.0,Computer,West John,24.0,E wallet,Male,2.0,4,Mobile,3,Divorced,3,0,13.0,1.0,15.0,,190
10205358,1,5.0,Mobile Phone,South Ginamouth,6.0,E wallet,Male,2.0,4,Mobile,3,Single,2,0,14.0,9.0,14.0,4.0,185
7442015,0,1.0,Mobile Phone,Nicholashaven,23.0,Cash on Delivery,Male,2.0,3,Laptop & Accessory,2,Single,5,1,13.0,0.0,4.0,4.0,173
13106339,0,,Mobile Phone,Andrewton,8.0,COD,Female,2.0,2,Laptop & Accessory,4,Divorced,2,0,20.0,1.0,11.0,2.0,136
8289563,0,2.0,Phone,Port Jasonchester,25.0,Credit Card,Male,,3,Fashion,2,Divorced,2,0,23.0,,14.0,5.0,167
12567371,0,0.0,Mobile Phone,Cathyburgh,25.0,Debit Card,Male,2.0,3,Mobile,5,Single,2,0,18.0,3.0,,8.0,175
10439027,0,,Computer,East Marcia,8.0,Credit Card,Female,2.0,2,Laptop & Accessory,4,Married,6,1,13.0,1.0,2.0,4.0,74
15436418,0,14.0,Phone,Howardburgh,22.0,CC,Male,1.0,2,Grocery,3,Single,2,0,21.0,,15.0,4.0,195
13758683,1,5.0,Computer,North Randytown,7.0,Debit Card,Female,2.0,3,Laptop & Accessory,4,Divorced,4,0,12.0,2.0,14.0,1.0,166
9592330,0,6.0,Phone,East Stephenmouth,32.0,Debit Card,Male,2.0,4,Others,2,Divorced,2,1,16.0,1.0,2.0,9.0,227
5278779,0,23.0,Mobile Phone,South Kevin,8.0,COD,Female,2.0,4,Others,3,Married,3,1,13.0,1.0,14.0,11.0,177
13491227,0,1.0,Phone,Wiseshire,31.0,CC,Male,2.0,3,Mobile,4,Married,2,0,15.0,1.0,12.0,1.0,114
4459452,1,0.0,Phone,Collinsland,24.0,Debit Card,Male,,3,Laptop & Accessory,2,Single,3,0,18.0,4.0,2.0,2.0,150
1784545,0,,Phone,South Mariabury,35.0,Credit Card,Female,3.0,3,Mobile,4,Divorced,5,0,18.0,0.0,8.0,3.0,109
11444641,0,0.0,Computer,Clinemouth,31.0,COD,Male,,3,Mobile Phone,4,Divorced,2,0,13.0,1.0,5.0,1.0,138
11597115,0,6.0,Phone,Shanemouth,21.0,Debit Card,Male,2.0,4,Fashion,3,Divorced,6,0,13.0,0.0,15.0,5.0,183
10160368,0,1.0,Computer,Kellyville,7.0,Credit Card,Male,,3,Laptop & Accessory,5,Divorced,3,0,15.0,0.0,,2.0,130
4652327,0,0.0,Mobile Phone,Pughland,6.0,CC,Male,2.0,4,Fashion,2,Divorced,3,0,15.0,1.0,3.0,1.0,175
8105616,0,0.0,Phone,New Matthew,32.0,Credit Card,Male,3.0,3,Mobile,3,Divorced,4,1,24.0,0.0,,7.0,135
910578,0,1.0,Computer,East Rebecca,8.0,Debit Card,Female,2.0,3,Grocery,2,Married,2,0,20.0,4.0,15.0,3.0,179
3564991,1,,Mobile Phone,Juliestad,6.0,Debit Card,Male,2.0,3,Fashion,4,Single,7,0,16.0,0.0,14.0,2.0,187
10251463,0,5.0,Computer,West Kimberlyhaven,8.0,Credit Card,Male,3.0,4,Fashion,2,Single,3,0,,2.0,15.0,3.0,181
4339534,1,2.0,Computer,Port Kathy,6.0,Debit Card,Female,,3,Mobile,3,Divorced,3,1,12.0,0.0,2.0,5.0,162
2379904,0,0.0,Computer,Lake Vincentfurt,15.0,Debit Card,Male,2.0,3,Mobile,2,Divorced,2,0,12.0,6.0,3.0,1.0,138
2920603,0,13.0,Computer,Jerrystad,22.0,Debit Card,Male,2.0,3,Fashion,2,Divorced,4,0,16.0,8.0,15.0,14.0,179
16723374,0,0.0,Mobile Phone,Fosterborough,12.0,Cash on Delivery,Female,2.0,3,Mobile,3,Divorced,3,1,12.0,2.0,2.0,1.0,105
15693051,0,0.0,Computer,Kylebury,30.0,Debit Card,Male,,4,Mobile,5,Married,2,0,15.0,0.0,2.0,4.0,147
4575333,0,0.0,Mobile Phone,East Larry,10.0,Debit Card,Male,2.0,4,Laptop & Accessory,4,Divorced,3,0,12.0,0.0,5.0,2.0,122
5880970,0,0.0,Mobile Phone,New Barbara,8.0,Debit Card,Male,,5,Mobile,5,Single,4,0,14.0,0.0,2.0,5.0,162
10815745,0,13.0,Computer,Margaretmouth,26.0,Credit Card,Female,2.0,4,Grocery,3,Divorced,2,0,13.0,0.0,2.0,5.0,135
7194849,0,5.0,Mobile Phone,Gregorychester,6.0,COD,Male,,4,Laptop & Accessory,5,Married,2,0,12.0,1.0,5.0,10.0,146
13816369,0,0.0,Computer,Lake Robinshire,10.0,E wallet,Male,2.0,2,Laptop & Accessory,3,Divorced,2,0,12.0,4.0,,7.0,157
9973540,0,,Computer,East Vanessaville,20.0,E wallet,Male,2.0,4,Mobile,5,Divorced,2,0,14.0,2.0,2.0,6.0,125
13567236,0,2.0,Phone,New Edwardberg,11.0,CC,Male,2.0,4,Laptop & Accessory,5,Single,4,0,12.0,6.0,15.0,9.0,152
10752561,1,,Mobile Phone,Port Linda,17.0,COD,Male,2.0,3,Others,2,Divorced,4,1,24.0,0.0,15.0,15.0,183
12837954,0,2.0,Phone,Lake Joshua,12.0,Debit Card,Female,3.0,3,Mobile Phone,2,Married,5,0,14.0,0.0,2.0,2.0,198
10558318,0,5.0,Phone,North Wanda,7.0,UPI,Female,2.0,5,Grocery,2,Married,2,1,,3.0,15.0,5.0,205
81566,0,25.0,Phone,East Jennifer,,Debit Card,Female,2.0,4,Laptop & Accessory,3,Married,3,1,19.0,11.0,,7.0,145
1067363,0,,Computer,Steelefort,17.0,Credit Card,Male,3.0,4,Mobile,3,Married,3,1,17.0,1.0,10.0,3.0,122
11835432,0,2.0,Mobile Phone,Reyesport,20.0,UPI,Male,2.0,3,Fashion,3,Single,2,1,14.0,,15.0,2.0,229
4894048,0,0.0,Computer,Brownfurt,25.0,Credit Card,Female,3.0,3,Mobile Phone,2,Divorced,4,0,13.0,11.0,4.0,4.0,170
6279589,0,4.0,Mobile Phone,Schneiderside,,COD,Female,3.0,3,Laptop & Accessory,3,Divorced,3,1,13.0,0.0,13.0,4.0,194
1777778,0,1.0,Phone,Glennmouth,12.0,Credit Card,Female,2.0,4,Mobile,2,Divorced,3,0,14.0,7.0,15.0,3.0,105
5718630,0,,Mobile Phone,Port Robertstad,23.0,Credit Card,Female,3.0,3,Fashion,5,Single,4,0,18.0,2.0,15.0,9.0,245
12147543,0,,Phone,Westbury,7.0,Credit Card,Female,2.0,4,Laptop & Accessory,3,Divorced,4,1,14.0,0.0,3.0,6.0,141
5956752,0,3.0,Computer,South Debbiemouth,10.0,Debit Card,Male,,4,Fashion,3,Married,3,0,12.0,0.0,15.0,5.0,268
14942038,0,8.0,Phone,Rickyburgh,35.0,COD,Male,3.0,3,Laptop & Accessory,4,Divorced,2,0,16.0,0.0,5.0,1.0,147
1121282,0,,Computer,Foxshire,9.0,CC,Male,3.0,3,Laptop & Accessory,3,Single,3,0,12.0,6.0,10.0,11.0,149
15945075,0,2.0,Mobile Phone,Romeromouth,23.0,Debit Card,Male,,3,Laptop & Accessory,5,Single,3,0,13.0,1.0,14.0,7.0,87
9433431,0,12.0,Mobile Phone,Brandonmouth,,UPI,Female,2.0,4,Mobile,3,Single,2,0,13.0,12.0,15.0,6.0,158
16427279,1,,Phone,East Robert,28.0,UPI,Male,3.0,3,Fashion,2,Divorced,5,0,14.0,3.0,2.0,3.0,167
15703277,0,1.0,Mobile Phone,Lake Jennifer,6.0,E wallet,Male,2.0,2,Fashion,4,Divorced,2,0,18.0,2.0,11.0,5.0,201
7078918,0,11.0,Computer,West Kaitlyn,34.0,Debit Card,Female,1.0,4,Mobile Phone,3,Single,2,0,15.0,1.0,2.0,6.0,165
10397374,0,8.0,Mobile Phone,Lake Carlville,6.0,Debit Card,Female,2.0,3,Mobile,5,Divorced,2,0,22.0,0.0,2.0,1.0,158
3775178,0,,Mobile Phone,Richardville,6.0,COD,Male,,2,Fashion,2,Married,2,0,20.0,9.0,15.0,9.0,239
5870884,0,0.0,Computer,New Tammyshire,16.0,Debit Card,Male,2.0,3,Mobile,5,Married,3,0,15.0,5.0,13.0,7.0,133
16226815,0,3.0,Mobile Phone,Lake Allison,13.0,Debit Card,Male,2.0,2,Mobile Phone,3,Divorced,3,0,21.0,0.0,,7.0,300
14762989,0,0.0,Phone,West Robin,6.0,Debit Card,Female,3.0,3,Laptop & Accessory,3,Single,3,0,12.0,0.0,2.0,1.0,106
4418243,0,,Computer,Randallmouth,6.0,Debit Card,Female,2.0,3,Fashion,3,Divorced,2,1,13.0,0.0,6.0,5.0,189
2773077,0,1.0,Phone,West Maryview,33.0,UPI,Male,2.0,3,Laptop & Accessory,3,Divorced,6,0,16.0,4.0,6.0,12.0,167
1340357,0,1.0,Mobile Phone,Lukebury,21.0,Credit Card,Male,3.0,3,Fashion,2,Divorced,4,0,13.0,13.0,15.0,6.0,191
12587976,0,2.0,Computer,East Laura,9.0,E wallet,Male,3.0,2,Mobile,2,Single,3,1,21.0,2.0,,7.0,153
3932795,0,3.0,Mobile Phone,Port Angela,11.0,Debit Card,Male,2.0,3,Laptop & Accessory,3,Divorced,6,0,15.0,0.0,5.0,4.0,207
9296602,0,6.0,Computer,Blackborough,25.0,Debit Card,Male,2.0,3,Laptop & Accessory,5,Married,2,0,15.0,2.0,5.0,6.0,146
3902938,0,1.0,Phone,Lake Robin,7.0,Credit Card,Male,,3,Laptop & Accessory,2,Single,6,0,18.0,0.0,2.0,3.0,104
15972630,0,4.0,Phone,Lake Charles,23.0,E wallet,Female,3.0,3,Others,4,Divorced,3,0,14.0,0.0,2.0,6.0,225
13321383,0,0.0,Phone,Roberttown,12.0,Cash on Delivery,Male,,3,Fashion,3,Married,8,0,17.0,0.0,2.0,5.0,209
200705,1,1.0,Phone,Lake Alison,7.0,UPI,Male,2.0,2,Laptop & Accessory,3,Divorced,2,0,13.0,1.0,4.0,9.0,173
13556808,1,0.0,Computer,West Josephshire,27.0,Cash on Delivery,Female,2.0,3,Laptop & Accessory,2,Single,8,0,19.0,0.0,2.0,3.0,97
3604611,0,1.0,Phone,Lake Jamesburgh,33.0,Debit Card,Female,2.0,3,Mobile,2,Single,6,1,13.0,2.0,3.0,2.0,203
770936,0,12.0,Phone,Michaelport,8.0,E wallet,Male,2.0,3,Others,4,Divorced,2,1,19.0,0.0,3.0,2.0,220
706524,0,0.0,Computer,Port Danielle,11.0,E wallet,Male,2.0,3,Laptop & Accessory,5,Single,2,0,14.0,,2.0,1.0,133
8980536,0,4.0,Mobile Phone,Lake Amandaton,6.0,Debit Card,Female,2.0,3,Laptop & Accessory,3,Single,4,0,16.0,1.0,2.0,4.0,199
5459484,0,,Phone,Blakeshire,6.0,COD,Male,2.0,4,Laptop & Accessory,2,Divorced,3,0,20.0,2.0,4.0,4.0,153
4349895,0,12.0,Mobile Phone,New Melissashire,24.0,Credit Card,Female,3.0,2,Laptop & Accessory,5,Divorced,5,0,,0.0,4.0,5.0,206
10483190,0,1.0,Computer,Lake Keithhaven,19.0,UPI,Female,,3,Grocery,2,Divorced,3,0,15.0,,11.0,12.0,204
5636294,0,0.0,Computer,New Gloria,26.0,Debit Card,Male,3.0,2,Fashion,4,Married,2,1,14.0,5.0,3.0,6.0,187
11609203,0,,Mobile Phone,East Roger,9.0,UPI,Male,3.0,3,Mobile,3,Single,4,0,20.0,3.0,2.0,1.0,197
4001040,0,5.0,Phone,Zunigahaven,12.0,Debit Card,Male,2.0,5,Fashion,3,Single,3,1,18.0,0.0,12.0,6.0,172
10551512,0,1.0,Phone,Lake Kennethview,32.0,CC,Male,3.0,3,Laptop & Accessory,3,Divorced,2,0,12.0,,6.0,8.0,185
14596682,0,3.0,Mobile Phone,Lake Bruce,6.0,Debit Card,Male,2.0,4,Mobile,4,Divorced,3,0,21.0,1.0,5.0,2.0,239
189773,0,,Phone,South Andrea,33.0,Debit Card,Female,,3,Fashion,5,Married,3,0,18.0,5.0,10.0,1.0,147
16223214,1,0.0,Phone,Johnstonburgh,15.0,E wallet,Female,2.0,3,Laptop & Accessory,4,Single,2,1,13.0,0.0,5.0,2.0,115
3962318,0,11.0,Phone,Christophermouth,16.0,Debit Card,Male,2.0,3,Laptop & Accessory,2,Single,2,0,13.0,0.0,13.0,8.0,179
12717260,0,6.0,Computer,South Jonhaven,15.0,UPI,Female,3.0,5,Others,5,Divorced,3,0,20.0,0.0,2.0,2.0,157
1692770,0,30.0,Mobile Phone,Johnsonfurt,8.0,Credit Card,Female,3.0,3,Fashion,3,Divorced,9,0,14.0,1.0,4.0,6.0,197
10799975,0,12.0,Mobile Phone,Meagantown,6.0,E wallet,Male,3.0,3,Laptop & Accessory,4,Married,8,0,16.0,0.0,7.0,10.0,177
3969735,0,1.0,Phone,West Jennamouth,17.0,Credit Card,Male,2.0,3,Others,4,Single,3,0,12.0,9.0,11.0,4.0,188
16580862,1,0.0,Mobile Phone,Tylerberg,6.0,E wallet,Male,3.0,3,Grocery,3,Single,2,0,13.0,3.0,13.0,8.0,254
3312247,1,0.0,Computer,South Duaneberg,,CC,Female,2.0,3,Laptop & Accessory,4,Divorced,13,0,20.0,0.0,2.0,1.0,142
12247150,0,1.0,Computer,Chelseaberg,15.0,UPI,Male,2.0,3,Mobile,5,Married,3,1,12.0,0.0,2.0,1.0,137
16287848,0,8.0,Computer,Douglasfort,33.0,CC,Male,3.0,3,Laptop & Accessory,2,Married,2,0,15.0,8.0,14.0,6.0,104
16348648,1,8.0,Computer,Clairefurt,6.0,CC,Male,3.0,4,Mobile,3,Single,3,1,17.0,0.0,7.0,3.0,210
1321291,0,0.0,Mobile Phone,West Lindaton,9.0,Debit Card,Female,2.0,3,Laptop & Accessory,2,Single,3,1,21.0,0.0,2.0,4.0,162
1476237,0,6.0,Mobile Phone,Zacharytown,20.0,CC,Female,2.0,3,Mobile,5,Married,2,0,18.0,3.0,15.0,7.0,140
15892425,0,7.0,Mobile Phone,Lake Richard,8.0,UPI,Male,2.0,3,Mobile Phone,4,Divorced,6,1,18.0,4.0,15.0,7.0,293
9459057,1,0.0,Mobile Phone,East Ashleyberg,,E wallet,Male,3.0,2,Mobile Phone,4,Single,2,0,17.0,3.0,2.0,,166
1569106,0,2.0,Mobile Phone,Haneychester,9.0,CC,Male,3.0,3,Laptop & Accessory,2,Single,4,1,19.0,4.0,2.0,3.0,142
1172581,0,4.0,Mobile Phone,Port Jasonstad,14.0,Debit Card,Male,2.0,3,Laptop & Accessory,3,Divorced,3,1,12.0,0.0,2.0,2.0,114
13215533,0,9.0,Mobile Phone,Brownton,14.0,COD,Female,2.0,5,Mobile,2,Single,5,0,16.0,0.0,8.0,1.0,142
7554357,0,0.0,Phone,Lake Danielview,21.0,Debit Card,Female,3.0,1,Fashion,5,Married,3,1,13.0,1.0,8.0,6.0,286
11780402,0,5.0,Mobile Phone,Nicoletown,27.0,CC,Female,,3,Laptop & Accessory,2,Divorced,3,0,20.0,0.0,5.0,10.0,113
2309418,0,0.0,Mobile Phone,Port Juanmouth,26.0,COD,Male,2.0,3,Laptop & Accessory,2,Single,4,0,14.0,0.0,2.0,1.0,104
966648,0,0.0,Computer,Port Faith,19.0,Credit Card,Male,3.0,4,Fashion,2,Married,2,1,13.0,2.0,2.0,2.0,121
14844554,0,0.0,Phone,Barajasside,7.0,Debit Card,Male,2.0,4,Grocery,4,Married,4,0,17.0,,6.0,2.0,197
15935444,0,28.0,Computer,New William,24.0,Debit Card,Female,2.0,3,Fashion,3,Married,8,0,,4.0,15.0,8.0,143
9639808,0,0.0,Mobile Phone,East Kimberlyland,30.0,Credit Card,Female,3.0,3,Laptop & Accessory,3,Married,3,1,12.0,4.0,2.0,4.0,171
15033267,0,0.0,Phone,Alexandermouth,8.0,CC,Female,3.0,3,Mobile Phone,2,Single,2,1,16.0,2.0,2.0,2.0,140
6830585,0,0.0,Mobile Phone,Sanderstown,,Cash on Delivery,Female,2.0,2,Fashion,2,Married,4,1,17.0,2.0,11.0,3.0,154
5415197,0,2.0,Phone,Port Alexandermouth,22.0,Debit Card,Male,2.0,3,Fashion,2,Single,4,0,15.0,0.0,2.0,2.0,176
14958239,0,0.0,Computer,Rodriguezhaven,34.0,Debit Card,Male,2.0,3,Grocery,4,Married,2,0,15.0,1.0,9.0,4.0,181
1416969,0,6.0,Phone,Gregorymouth,6.0,Debit Card,Female,2.0,3,Fashion,5,Divorced,3,0,15.0,1.0,6.0,6.0,216
11225549,0,0.0,Phone,South Keith,8.0,Debit Card,Female,3.0,3,Laptop & Accessory,3,Divorced,3,0,13.0,4.0,15.0,11.0,116
7583100,1,2.0,Phone,West David,17.0,Debit Card,Female,3.0,4,Mobile,2,Divorced,2,1,14.0,3.0,5.0,5.0,116
5151319,0,0.0,Computer,Petershire,9.0,Debit Card,Female,2.0,4,Grocery,2,Single,2,0,14.0,13.0,15.0,4.0,107
15118738,0,0.0,Phone,East Thomasmouth,20.0,E wallet,Male,2.0,1,Laptop & Accessory,3,Divorced,8,1,15.0,13.0,15.0,1.0,226
10804564,0,2.0,Phone,New Heathermouth,9.0,E wallet,Female,3.0,3,Mobile,2,Divorced,3,0,16.0,6.0,15.0,5.0,167
11640464,0,0.0,Computer,Lake Shannon,,Credit Card,Male,2.0,4,Mobile,2,Divorced,3,0,,4.0,4.0,6.0,156
5174241,0,19.0,Phone,Port Lisaside,7.0,UPI,Female,,3,Mobile,2,Married,3,0,19.0,1.0,2.0,10.0,147
3875450,0,0.0,Phone,Lake Aaronfurt,14.0,COD,Male,,3,Mobile,5,Married,2,0,12.0,7.0,12.0,2.0,172
6431162,1,1.0,Computer,Ellisshire,18.0,Credit Card,Female,3.0,4,Laptop & Accessory,5,Divorced,4,0,16.0,1.0,2.0,5.0,70
10787738,0,0.0,Computer,Port Kathyborough,11.0,Debit Card,Male,3.0,1,Laptop & Accessory,2,Divorced,2,0,19.0,0.0,2.0,1.0,91
2964862,0,,Mobile Phone,East Nathaniel,,UPI,Female,3.0,5,Laptop & Accessory,5,Divorced,2,1,13.0,0.0,14.0,6.0,151
3996040,0,0.0,Mobile Phone,Andreaberg,13.0,Credit Card,Male,3.0,3,Laptop & Accessory,3,Married,2,0,21.0,0.0,2.0,9.0,120
12108856,0,2.0,Phone,South Dalehaven,7.0,Debit Card,Male,2.0,4,Fashion,2,Married,2,0,15.0,2.0,10.0,1.0,163
6009032,0,1.0,Mobile Phone,New Brittanybury,6.0,CC,Male,3.0,3,Fashion,2,Divorced,4,0,,9.0,15.0,5.0,300
7260797,0,2.0,Computer,East Markbury,7.0,CC,Male,2.0,3,Grocery,2,Single,3,0,15.0,1.0,13.0,1.0,133
11124863,0,2.0,Mobile Phone,New Sarah,13.0,Debit Card,Male,3.0,4,Laptop & Accessory,3,Divorced,4,0,24.0,0.0,,2.0,113
2125932,0,,Computer,Coryshire,21.0,Credit Card,Female,3.0,3,Laptop & Accessory,2,Married,2,1,14.0,0.0,2.0,1.0,118
3278655,1,0.0,Mobile Phone,Stephenbury,,E wallet,Male,2.0,3,Laptop & Accessory,5,Divorced,2,0,22.0,0.0,3.0,2.0,118
16656210,0,2.0,Phone,South Victorberg,34.0,COD,Male,2.0,3,Fashion,4,Married,5,0,19.0,4.0,9.0,,225
3756903,0,0.0,Phone,Stacyshire,24.0,CC,Female,2.0,3,Fashion,2,Divorced,2,0,18.0,0.0,2.0,2.0,158
651444,0,5.0,Mobile Phone,Hayesshire,25.0,Debit Card,Male,,3,Fashion,4,Divorced,3,0,24.0,2.0,2.0,8.0,171
1686476,0,0.0,Mobile Phone,Wellsland,17.0,CC,Male,2.0,3,Fashion,4,Single,3,0,13.0,1.0,2.0,1.0,185
7258208,0,3.0,Mobile Phone,New Samantha,26.0,Debit Card,Male,3.0,4,Fashion,2,Divorced,3,0,13.0,0.0,4.0,15.0,189
6702500,0,1.0,Mobile Phone,Phillipton,8.0,CC,Male,3.0,3,Fashion,3,Divorced,3,0,17.0,0.0,7.0,8.0,185
11068173,0,,Mobile Phone,Robertborough,7.0,COD,Female,2.0,3,Mobile,5,Divorced,2,0,12.0,13.0,15.0,7.0,238
14855680,0,2.0,Mobile Phone,Cherylstad,13.0,CC,Male,2.0,4,Laptop & Accessory,3,Married,2,0,,2.0,2.0,5.0,169
11509517,0,22.0,Mobile Phone,Christinefort,6.0,CC,Male,2.0,3,Laptop & Accessory,5,Divorced,4,0,12.0,1.0,14.0,5.0,217
37401,0,1.0,Computer,Lopezport,12.0,Debit Card,Male,,3,Mobile,3,Divorced,2,0,14.0,3.0,3.0,4.0,168
15653255,0,2.0,Phone,Kristaville,22.0,Credit Card,Male,3.0,2,Fashion,4,Divorced,3,0,18.0,0.0,2.0,1.0,115
438456,0,0.0,Computer,North Phillip,10.0,Debit Card,Male,3.0,2,Laptop & Accessory,5,Single,3,0,16.0,4.0,2.0,1.0,110
8075230,0,0.0,Computer,Mckinneymouth,,Credit Card,Female,2.0,2,Fashion,4,Married,3,0,23.0,5.0,11.0,4.0,207
8219893,0,7.0,Computer,Palmerland,33.0,Debit Card,Female,,3,Fashion,2,Married,5,0,20.0,1.0,2.0,2.0,234
15311215,0,0.0,Phone,Quinnborough,16.0,Debit Card,Female,2.0,3,Mobile,5,Single,2,1,15.0,0.0,2.0,1.0,120
7211646,1,1.0,Computer,Maryville,26.0,Debit Card,Female,2.0,3,Mobile,4,Married,2,0,12.0,0.0,4.0,,131
15016282,0,0.0,Mobile Phone,Andrewville,16.0,Debit Card,Male,2.0,3,Laptop & Accessory,2,Single,4,1,16.0,0.0,7.0,5.0,162
6556919,0,1.0,Computer,West Katherineside,13.0,Debit Card,Male,2.0,3,Laptop & Accessory,2,Divorced,3,0,12.0,8.0,13.0,2.0,184
15526122,0,0.0,Computer,New Lawrenceton,13.0,E wallet,Female,2.0,2,Fashion,2,Single,3,1,18.0,3.0,,6.0,167
10312898,0,0.0,Phone,New Mistyshire,,Debit Card,Female,2.0,5,Mobile Phone,3,Divorced,4,1,19.0,0.0,2.0,,147
11717057,0,2.0,Mobile Phone,Williemouth,31.0,CC,Female,3.0,5,Fashion,2,Divorced,5,0,12.0,13.0,2.0,7.0,202
5485430,0,1.0,Mobile Phone,Lake Brettport,6.0,Debit Card,Male,3.0,4,Fashion,2,Divorced,2,0,14.0,0.0,2.0,1.0,164
7221963,1,0.0,Phone,Anthonyland,12.0,Debit Card,Male,2.0,2,Laptop & Accessory,2,Single,8,0,15.0,0.0,2.0,3.0,136
2990522,1,0.0,Phone,Lake Bethtown,17.0,UPI,Female,2.0,4,Mobile,3,Divorced,4,0,15.0,0.0,2.0,3.0,113
13510184,0,,Computer,New Ernestton,10.0,Debit Card,Female,1.0,3,Mobile,3,Single,7,0,14.0,1.0,8.0,7.0,118
4607939,1,1.0,Phone,East Zachary,16.0,Credit Card,Female,2.0,1,Laptop & Accessory,3,Divorced,2,0,13.0,13.0,15.0,3.0,141
7762810,1,0.0,Computer,Brownbury,14.0,CC,Male,3.0,3,Laptop & Accessory,5,Divorced,4,0,19.0,1.0,2.0,6.0,170
6411882,0,4.0,Mobile Phone,New Margaret,8.0,COD,Male,2.0,3,Laptop & Accessory,2,Divorced,2,1,16.0,,2.0,3.0,173
570001,0,4.0,Mobile Phone,Morenoview,9.0,Debit Card,Male,2.0,3,Mobile Phone,2,Married,2,1,16.0,1.0,2.0,6.0,175
11260207,0,6.0,Phone,Blackfurt,13.0,Debit Card,Female,2.0,2,Fashion,5,Single,2,1,12.0,,4.0,4.0,179
10472446,0,0.0,Computer,South Jamiestad,6.0,Credit Card,Male,,3,Laptop & Accessory,2,Single,3,0,13.0,,2.0,1.0,176
16469472,0,20.0,Mobile Phone,Terryfort,6.0,Debit Card,Female,3.0,4,Fashion,3,Married,2,1,20.0,0.0,14.0,13.0,193
3123696,0,,Mobile Phone,Scottfurt,11.0,Debit Card,Male,2.0,4,Laptop & Accessory,2,Single,2,1,14.0,4.0,14.0,6.0,142
16136285,0,,Computer,Brianville,17.0,E wallet,Male,2.0,3,Laptop & Accessory,3,Divorced,6,1,12.0,0.0,2.0,1.0,142
2125086,0,,Mobile Phone,Vargasborough,6.0,Credit Card,Male,2.0,2,Mobile,5,Married,6,0,16.0,0.0,2.0,3.0,167
3684702,0,0.0,Mobile Phone,West Christine,8.0,E wallet,Male,2.0,3,Mobile,2,Divorced,2,0,15.0,2.0,11.0,1.0,100
8790599,0,0.0,Computer,Erikaview,9.0,Debit Card,Male,,3,Others,2,Divorced,3,0,19.0,7.0,15.0,4.0,168
15971107,0,0.0,Computer,Smithmouth,21.0,Debit Card,Male,2.0,5,Mobile,5,Single,2,0,18.0,1.0,14.0,5.0,118
10691190,0,1.0,Phone,Anntown,10.0,E wallet,Female,3.0,4,Mobile Phone,4,Divorced,2,1,14.0,0.0,3.0,5.0,158
8221312,0,9.0,Phone,Port Sheilaland,19.0,Debit Card,Female,2.0,3,Fashion,3,Divorced,3,0,14.0,8.0,4.0,7.0,238
15265747,0,0.0,Mobile Phone,Wendyport,11.0,E wallet,Male,3.0,5,Fashion,4,Married,2,0,20.0,9.0,2.0,8.0,206
9616586,0,0.0,Phone,Smithshire,15.0,COD,Male,3.0,3,Laptop & Accessory,2,Divorced,2,1,17.0,2.0,2.0,8.0,151
11511123,1,,Computer,Meaganfurt,,Credit Card,Female,3.0,3,Laptop & Accessory,5,Divorced,4,0,16.0,0.0,3.0,2.0,175
15948496,0,0.0,Computer,South Amandaview,6.0,Debit Card,Female,3.0,4,Laptop & Accessory,3,Divorced,2,1,13.0,7.0,15.0,4.0,114
15018057,0,0.0,Phone,Mosesview,29.0,CC,Male,,4,Laptop & Accessory,2,Single,2,0,14.0,3.0,7.0,6.0,128
8945258,0,1.0,Mobile Phone,East Ginastad,13.0,CC,Male,3.0,3,Fashion,4,Divorced,3,1,14.0,2.0,15.0,4.0,175
1251818,0,7.0,Mobile Phone,Lindatown,6.0,Debit Card,Male,2.0,3,Mobile,3,Divorced,4,0,23.0,2.0,3.0,5.0,151
16074860,0,16.0,Phone,Harrisport,6.0,Debit Card,Male,2.0,2,Mobile Phone,2,Divorced,3,0,17.0,5.0,15.0,2.0,122
11546068,0,19.0,Mobile Phone,Medinaland,21.0,UPI,Male,2.0,3,Laptop & Accessory,3,Single,3,1,,,4.0,7.0,194
2860038,0,4.0,Phone,Stacymouth,,Credit Card,Female,2.0,3,Others,2,Divorced,4,0,17.0,5.0,15.0,12.0,249
6934198,0,5.0,Mobile Phone,Deborahshire,15.0,Credit Card,Male,3.0,4,Fashion,4,Single,3,0,21.0,13.0,9.0,4.0,200
14129840,0,4.0,Mobile Phone,Jessicachester,16.0,E wallet,Male,3.0,3,Laptop & Accessory,2,Divorced,2,0,14.0,0.0,15.0,6.0,171
16583046,1,1.0,Phone,Christopherborough,30.0,UPI,Male,3.0,3,Laptop & Accessory,4,Married,2,1,14.0,4.0,2.0,7.0,106
14873307,0,,Phone,North Kevin,21.0,Debit Card,Male,2.0,3,Laptop & Accessory,2,Single,3,0,19.0,,4.0,2.0,129
306799,0,0.0,Phone,Mcguiremouth,13.0,Debit Card,Male,3.0,3,Mobile Phone,3,Divorced,3,1,24.0,11.0,14.0,2.0,139
15736742,0,0.0,Mobile Phone,Meghanton,8.0,Debit Card,Male,2.0,3,Laptop & Accessory,2,Divorced,4,0,15.0,3.0,11.0,4.0,224
1360564,1,0.0,Phone,East Mike,6.0,Debit Card,Male,3.0,4,Laptop & Accessory,4,Divorced,2,1,14.0,0.0,2.0,1.0,127
984544,0,0.0,Phone,Travisburgh,11.0,Debit Card,Male,3.0,4,Laptop & Accessory,5,Married,3,1,14.0,10.0,15.0,7.0,139
13015930,0,11.0,Computer,West Jeremiah,10.0,Debit Card,Female,1.0,3,Fashion,2,Divorced,4,0,13.0,,4.0,1.0,156
5474825,0,4.0,Mobile Phone,East Kathrynberg,7.0,CC,Female,3.0,3,Grocery,2,Married,5,0,13.0,1.0,15.0,1.0,226
5038201,0,1.0,Phone,Normanshire,,Debit Card,Male,,3,Fashion,2,Divorced,4,0,21.0,6.0,15.0,11.0,160
15948723,0,0.0,Computer,Mooremouth,14.0,Credit Card,Male,2.0,3,Laptop & Accessory,3,Single,4,0,13.0,9.0,15.0,7.0,190
2755121,0,,Computer,Dixontown,8.0,Debit Card,Male,2.0,4,Grocery,2,Divorced,2,0,15.0,2.0,8.0,2.0,133
501872,0,4.0,Mobile Phone,Port Jenniferside,35.0,CC,Male,,3,Mobile,4,Single,4,1,12.0,9.0,14.0,3.0,138
1639986,0,1.0,Mobile Phone,East Nicole,8.0,Debit Card,Male,2.0,3,Fashion,5,Divorced,2,0,14.0,1.0,15.0,,184
8148931,1,0.0,Mobile Phone,Bishopton,6.0,UPI,Male,2.0,2,Laptop & Accessory,3,Divorced,2,0,,0.0,3.0,2.0,116
11105858,0,,Computer,West Laurenville,10.0,UPI,Male,2.0,1,Fashion,2,Divorced,2,0,16.0,1.0,12.0,2.0,128
2459980,0,,Mobile Phone,East Elizabethfurt,7.0,Debit Card,Male,3.0,3,Others,5,Divorced,2,0,17.0,0.0,2.0,4.0,200
11898765,0,0.0,Phone,Lake Jason,,Debit Card,Male,3.0,3,Mobile,2,Divorced,4,0,15.0,0.0,2.0,4.0,164
3404214,0,0.0,Mobile Phone,Perezton,16.0,Credit Card,Female,2.0,3,Others,5,Divorced,2,0,,6.0,8.0,8.0,166
10963535,0,2.0,Mobile Phone,New Erica,6.0,Debit Card,Male,,4,Mobile Phone,4,Divorced,2,1,12.0,2.0,14.0,10.0,256
15639084,0,3.0,Mobile Phone,Lake Christopher,30.0,Debit Card,Male,2.0,3,Laptop & Accessory,3,Single,5,1,22.0,0.0,2.0,2.0,188
12879041,0,2.0,Computer,North Dana,7.0,E wallet,Female,1.0,3,Laptop & Accessory,3,Divorced,3,0,14.0,1.0,13.0,2.0,99
8711397,1,0.0,Mobile Phone,Port Amanda,,Debit Card,Female,2.0,4,Laptop & Accessory,3,Divorced,4,0,15.0,3.0,15.0,4.0,123
7805684,0,9.0,Mobile Phone,Loganshire,18.0,Debit Card,Male,2.0,3,Fashion,3,Single,3,0,19.0,0.0,2.0,8.0,245
15263806,0,14.0,Computer,Bennettberg,,CC,Male,1.0,3,Mobile,5,Divorced,3,0,13.0,1.0,2.0,1.0,90
16244952,0,26.0,Computer,Meganport,7.0,Debit Card,Male,2.0,5,Fashion,4,Single,2,0,14.0,2.0,13.0,3.0,182
16363240,0,,Mobile Phone,Port Elizabethfort,14.0,Credit Card,Male,,4,Laptop & Accessory,2,Divorced,4,1,13.0,2.0,6.0,4.0,141
7465295,0,4.0,Phone,Markview,26.0,CC,Male,3.0,3,Laptop & Accessory,5,Divorced,2,0,18.0,0.0,4.0,10.0,160
15333584,0,0.0,Mobile Phone,Willietown,7.0,COD,Male,3.0,3,Laptop & Accessory,3,Single,2,1,19.0,,11.0,3.0,150
16320120,1,0.0,Mobile Phone,New Davidview,29.0,UPI,Male,3.0,4,Mobile Phone,5,Divorced,3,1,19.0,0.0,2.0,3.0,118
13513580,0,0.0,Phone,Reginaside,12.0,Credit Card,Male,3.0,4,Laptop & Accessory,3,Divorced,2,0,20.0,0.0,7.0,3.0,99
6963836,0,14.0,Phone,East Lindsay,6.0,Credit Card,Female,2.0,3,Others,2,Single,5,0,14.0,4.0,2.0,15.0,170
594951,0,,Mobile Phone,East Marissatown,12.0,CC,Female,,3,Laptop & Accessory,3,Divorced,3,1,14.0,0.0,2.0,5.0,198
599041,1,3.0,Mobile Phone,Colemanburgh,7.0,Debit Card,Male,3.0,3,Mobile,2,Single,2,0,12.0,0.0,15.0,9.0,117
7165409,0,3.0,Computer,Sherrymouth,7.0,Debit Card,Female,2.0,1,Laptop & Accessory,3,Divorced,2,1,15.0,2.0,2.0,2.0,116
3311465,1,0.0,Mobile Phone,Rhondaside,26.0,Credit Card,Male,,3,Mobile,5,Divorced,3,0,12.0,9.0,6.0,3.0,195
8126614,1,,Phone,West Emily,6.0,Debit Card,Male,3.0,3,Mobile,2,Divorced,2,0,17.0,1.0,2.0,2.0,123
765125,0,18.0,Computer,North Russellfort,33.0,Debit Card,Male,3.0,3,Laptop & Accessory,2,Divorced,2,0,20.0,1.0,8.0,2.0,161
1474517,0,2.0,Computer,Amyburgh,17.0,E wallet,Female,3.0,3,Mobile,2,Divorced,2,0,20.0,0.0,2.0,1.0,126
5130996,0,4.0,Mobile Phone,Christinafort,7.0,Debit Card,Female,2.0,2,Laptop & Accessory,3,Married,2,1,25.0,1.0,2.0,4.0,89
13458904,1,,Phone,Francisborough,19.0,UPI,Male,2.0,3,Laptop & Accessory,4,Divorced,6,1,14.0,1.0,3.0,2.0,193
12787453,0,3.0,Phone,Port Maryborough,31.0,Debit Card,Female,2.0,3,Mobile,2,Married,8,1,18.0,6.0,2.0,2.0,154
6149529,0,4.0,Phone,Brendanbury,6.0,UPI,Female,3.0,3,Fashion,5,Married,3,0,13.0,1.0,9.0,7.0,253
11007960,0,0.0,Phone,South Catherinemouth,12.0,COD,Male,2.0,3,Laptop & Accessory,3,Single,3,1,12.0,,2.0,2.0,105
2194947,0,,Mobile Phone,Parkerchester,8.0,Debit Card,Male,2.0,4,Laptop & Accessory,3,Married,3,0,14.0,5.0,2.0,3.0,144
6734223,0,,Mobile Phone,North Kimberlychester,6.0,Debit Card,Male,,4,Grocery,4,Married,2,1,,2.0,15.0,9.0,284
12048160,1,3.0,Phone,Karenchester,35.0,UPI,Male,2.0,3,Laptop & Accessory,5,Single,3,1,13.0,1.0,11.0,11.0,118
10713871,0,3.0,Mobile Phone,New Jameschester,29.0,E wallet,Female,3.0,1,Laptop & Accessory,3,Single,4,0,12.0,4.0,2.0,10.0,224
3130269,0,3.0,Phone,Julianfort,25.0,Debit Card,Male,2.0,3,Laptop & Accessory,5,Divorced,8,0,12.0,1.0,2.0,2.0,99
8130402,0,5.0,Mobile Phone,Ericfurt,,Debit Card,Female,2.0,3,Mobile,2,Divorced,7,1,24.0,0.0,2.0,1.0,169
4003792,0,,Phone,Novakville,7.0,CC,Male,2.0,2,Fashion,4,Married,3,0,12.0,3.0,2.0,2.0,202
15289201,0,1.0,Mobile Phone,Troybury,,COD,Male,2.0,3,Grocery,3,Married,4,0,14.0,0.0,5.0,2.0,205
170902,0,3.0,Mobile Phone,North Kelly,12.0,CC,Male,2.0,3,Mobile Phone,5,Married,2,1,17.0,0.0,3.0,4.0,254
13607234,0,6.0,Computer,Hamiltonshire,10.0,E wallet,Male,,4,Mobile,2,Divorced,3,0,18.0,,15.0,1.0,171
5094226,1,0.0,Mobile Phone,Port Michael,21.0,E wallet,Male,2.0,3,Laptop & Accessory,2,Divorced,2,0,12.0,5.0,13.0,1.0,99
16770771,0,27.0,Phone,Port Robertland,24.0,CC,Female,1.0,4,Mobile Phone,2,Divorced,4,0,15.0,0.0,13.0,3.0,162
14164175,0,9.0,Phone,Fosterborough,7.0,Credit Card,Male,3.0,4,Fashion,2,Divorced,2,0,12.0,4.0,15.0,6.0,208
16003524,0,,Phone,Alexandermouth,7.0,Debit Card,Female,2.0,3,Mobile,2,Divorced,4,0,17.0,5.0,12.0,9.0,156
2982409,0,0.0,Mobile Phone,Velasquezborough,20.0,UPI,Male,2.0,3,Laptop & Accessory,5,Divorced,2,0,14.0,2.0,2.0,5.0,125
4656449,0,3.0,Mobile Phone,West Bryan,18.0,Credit Card,Male,3.0,4,Mobile Phone,4,Divorced,5,1,22.0,3.0,14.0,,268
14748720,1,10.0,Mobile Phone,Lake Dale,19.0,Debit Card,Female,2.0,2,Mobile Phone,4,Divorced,4,1,13.0,0.0,9.0,11.0,203
15309348,1,4.0,Phone,North Jason,15.0,Debit Card,Male,,3,Mobile,4,Divorced,2,0,15.0,2.0,14.0,6.0,176
1644046,1,0.0,Mobile Phone,Travisside,21.0,Credit Card,Male,3.0,4,Laptop & Accessory,4,Divorced,2,1,16.0,13.0,2.0,1.0,101
7411610,0,0.0,Mobile Phone,Hubbardborough,26.0,Credit Card,Male,2.0,3,Laptop & Accessory,2,Married,3,1,23.0,0.0,2.0,4.0,197
12528860,0,5.0,Mobile Phone,West Stephanie,11.0,COD,Male,2.0,4,Mobile,4,Single,8,0,14.0,1.0,5.0,17.0,182
6790777,0,7.0,Mobile Phone,West Logan,7.0,Debit Card,Female,2.0,3,Others,3,Married,3,1,25.0,4.0,6.0,3.0,119
7842673,0,7.0,Phone,Christopherton,10.0,CC,Female,2.0,4,Grocery,3,Divorced,5,0,17.0,2.0,15.0,5.0,187
451227,1,6.0,Phone,Anthonyville,31.0,E wallet,Female,3.0,3,Mobile,3,Divorced,5,0,16.0,3.0,7.0,7.0,162
4952512,0,12.0,Mobile Phone,West Natalie,15.0,Debit Card,Female,2.0,4,Grocery,3,Single,2,0,19.0,0.0,6.0,5.0,197
13291766,0,24.0,Phone,Jonesberg,16.0,Debit Card,Female,2.0,3,Mobile,4,Divorced,2,0,12.0,1.0,10.0,8.0,148
929822,0,14.0,Mobile Phone,West Cherylbury,16.0,UPI,Male,3.0,3,Laptop & Accessory,4,Married,8,1,19.0,0.0,2.0,14.0,201
15923862,0,0.0,Computer,Andreatown,19.0,Debit Card,Male,3.0,2,Mobile,2,Married,2,1,20.0,0.0,10.0,2.0,112
8357531,0,18.0,Computer,New Samanthaport,10.0,UPI,Male,2.0,3,Mobile,5,Divorced,3,1,15.0,1.0,15.0,10.0,148
13396918,0,12.0,Computer,Riosfurt,6.0,Debit Card,Female,2.0,4,Others,5,Single,2,0,15.0,13.0,14.0,3.0,195
16170573,0,2.0,Phone,Lake Holly,9.0,Debit Card,Male,3.0,3,Mobile,2,Divorced,4,0,18.0,1.0,12.0,4.0,204
1898275,0,0.0,Phone,Wrightton,10.0,Debit Card,Female,2.0,3,Fashion,5,Divorced,2,0,14.0,1.0,13.0,4.0,192
12053206,0,7.0,Phone,Fordfort,32.0,Debit Card,Male,3.0,3,Mobile,4,Divorced,4,0,21.0,0.0,2.0,6.0,172
9479181,0,,Mobile Phone,South Bradleyfurt,8.0,E wallet,Male,3.0,3,Fashion,3,Divorced,5,0,17.0,0.0,14.0,5.0,229
11313307,1,0.0,Mobile Phone,North Roberto,11.0,COD,Female,3.0,3,Laptop & Accessory,3,Divorced,7,1,22.0,,13.0,1.0,164
11538266,0,0.0,Phone,Port Janet,13.0,Debit Card,Male,3.0,2,Mobile,5,Single,5,1,17.0,8.0,2.0,3.0,179
1336658,1,0.0,Computer,Michelleberg,9.0,Credit Card,Male,3.0,5,Mobile,5,Single,5,1,15.0,0.0,7.0,3.0,168
7100979,0,1.0,Mobile Phone,Pattersonshire,7.0,Debit Card,Female,1.0,3,Laptop & Accessory,2,Single,7,1,17.0,0.0,2.0,1.0,76
13314548,1,0.0,Computer,Port Michael,,Credit Card,Male,,3,Laptop & Accessory,3,Divorced,2,0,16.0,2.0,3.0,6.0,119
6585665,0,9.0,Phone,Danieltown,12.0,Debit Card,Male,2.0,3,Laptop & Accessory,2,Divorced,4,1,21.0,4.0,5.0,2.0,118
8389002,1,,Mobile Phone,Lake Amy,7.0,Credit Card,Female,2.0,3,Others,4,Married,9,0,12.0,13.0,14.0,15.0,272
13195979,0,0.0,Computer,Brianmouth,9.0,Debit Card,Female,2.0,3,Mobile,2,Married,2,0,15.0,7.0,15.0,8.0,137
13192230,0,16.0,Computer,North Timothyview,26.0,Debit Card,Female,2.0,3,Mobile Phone,3,Divorced,5,1,18.0,0.0,2.0,1.0,204
12477441,0,1.0,Phone,South Ryanmouth,7.0,Credit Card,Male,2.0,2,Laptop & Accessory,4,Divorced,3,0,17.0,5.0,4.0,2.0,140
1143962,0,0.0,Computer,Jamesside,19.0,Debit Card,Male,1.0,3,Laptop & Accessory,2,Single,2,1,12.0,0.0,,2.0,79
15068204,0,11.0,Computer,South Colleenberg,11.0,Debit Card,Female,2.0,4,Laptop & Accessory,5,Divorced,3,0,12.0,11.0,15.0,1.0,138
4491290,1,0.0,Phone,South Valerie,21.0,Credit Card,Male,3.0,3,Laptop & Accessory,2,Single,5,1,13.0,4.0,2.0,4.0,94
576281,0,30.0,Phone,Smithburgh,26.0,Credit Card,Male,2.0,3,Laptop & Accessory,2,Married,2,0,14.0,0.0,14.0,4.0,187
16074601,0,5.0,Phone,Mckinneystad,8.0,E wallet,Male,2.0,3,Mobile,5,Divorced,2,0,,0.0,2.0,6.0,157
8768018,1,0.0,Mobile Phone,Lake Thomas,8.0,Debit Card,Male,2.0,3,Laptop & Accessory,3,Single,9,1,22.0,0.0,2.0,1.0,122
3747944,0,8.0,Computer,Port Bradystad,10.0,Credit Card,Female,3.0,3,Others,2,Married,4,1,17.0,10.0,8.0,1.0,191
4494155,0,0.0,Mobile Phone,New Williambury,9.0,Credit Card,Male,3.0,3,Fashion,5,Single,2,0,19.0,1.0,15.0,6.0,179
15244552,0,7.0,Mobile Phone,Amandashire,28.0,COD,Female,3.0,3,Mobile,2,Married,6,1,13.0,1.0,2.0,2.0,158
15579907,0,11.0,Mobile Phone,Port Timothy,8.0,COD,Male,,4,Fashion,3,Divorced,5,0,14.0,0.0,2.0,8.0,248
13787859,0,0.0,Computer,New Johnchester,6.0,E wallet,Male,2.0,4,Grocery,4,Married,2,1,13.0,3.0,14.0,1.0,149
9364514,1,0.0,Phone,Georgeview,10.0,Debit Card,Female,3.0,4,Mobile Phone,2,Divorced,7,0,18.0,1.0,13.0,2.0,115
7897821,0,5.0,Computer,East Darryltown,10.0,Credit Card,Male,2.0,4,Mobile,3,Married,5,0,18.0,,12.0,6.0,130
8162417,0,9.0,Computer,Barryburgh,6.0,COD,Male,3.0,5,Mobile,3,Divorced,4,0,18.0,0.0,2.0,2.0,181
15914798,0,21.0,Phone,Margaretchester,6.0,CC,Male,2.0,3,Fashion,4,Married,4,0,18.0,2.0,15.0,11.0,192
3552431,0,0.0,Mobile Phone,East Prestonview,14.0,Debit Card,Male,,3,Mobile,3,Married,2,1,15.0,0.0,2.0,4.0,194
12510649,1,0.0,Mobile Phone,North Georgechester,22.0,Debit Card,Female,2.0,4,Fashion,5,Divorced,2,1,12.0,0.0,2.0,5.0,171
1365462,0,0.0,Phone,Ochoabury,9.0,COD,Male,2.0,1,Laptop & Accessory,2,Divorced,2,1,17.0,,2.0,3.0,131
11629648,0,,Mobile Phone,South Jeffery,7.0,CC,Male,2.0,4,Laptop & Accessory,5,Divorced,3,1,21.0,1.0,4.0,10.0,136
13228881,1,0.0,Computer,Jacquelineland,26.0,Debit Card,Male,3.0,3,Laptop & Accessory,5,Married,6,1,22.0,2.0,9.0,3.0,139
16030350,1,0.0,Mobile Phone,West Adamtown,,Debit Card,Female,2.0,4,Laptop & Accessory,4,Single,6,1,17.0,0.0,2.0,1.0,120
237439,0,10.0,Phone,Kathyville,9.0,Debit Card,Male,2.0,3,Laptop & Accessory,2,Single,2,1,16.0,0.0,2.0,3.0,127
8189186,0,0.0,Mobile Phone,South Julieland,19.0,Debit Card,Female,2.0,3,Grocery,5,Divorced,3,0,15.0,0.0,2.0,1.0,155
5261005,0,,Phone,Ryanchester,11.0,Debit Card,Male,2.0,4,Laptop & Accessory,2,Married,4,0,,6.0,2.0,2.0,153
6385919,0,0.0,Computer,Amyview,16.0,UPI,Male,2.0,3,Laptop & Accessory,2,Single,6,0,16.0,1.0,,1.0,139
1633700,1,0.0,Phone,Lindaton,19.0,Credit Card,Female,,3,Mobile,2,Married,4,0,18.0,4.0,2.0,4.0,171
15695535,0,0.0,Phone,Banksland,27.0,Debit Card,Female,2.0,3,Laptop & Accessory,3,Married,2,0,23.0,0.0,2.0,2.0,94
4810112,0,1.0,Mobile Phone,East Ronaldfort,24.0,CC,Female,3.0,3,Laptop & Accessory,4,Single,3,0,18.0,0.0,7.0,5.0,164
10598925,0,0.0,Phone,Lake Kennethville,13.0,UPI,Male,3.0,3,Mobile,5,Divorced,2,0,22.0,3.0,3.0,2.0,108
4950439,1,0.0,Phone,Matthewberg,19.0,Debit Card,Male,2.0,3,Mobile Phone,5,Divorced,2,1,12.0,5.0,2.0,3.0,123
5507810,0,2.0,Mobile Phone,Williamsfort,,UPI,Male,2.0,3,Fashion,4,Divorced,3,0,13.0,0.0,11.0,3.0,192
4398203,0,2.0,Mobile Phone,North Daniel,22.0,CC,Male,2.0,3,Others,2,Divorced,2,0,13.0,3.0,,1.0,199
15532408,0,18.0,Phone,North Alyssa,9.0,E wallet,Female,,4,Laptop & Accessory,3,Divorced,4,0,14.0,1.0,2.0,10.0,156
11687455,0,13.0,Mobile Phone,Port Michael,9.0,Debit Card,Female,3.0,4,Mobile,5,Single,5,1,15.0,1.0,7.0,2.0,173
16537666,0,10.0,Mobile Phone,Brianbury,34.0,UPI,Female,3.0,3,Laptop & Accessory,5,Divorced,5,1,,0.0,9.0,1.0,128
13704607,0,2.0,Mobile Phone,Osborneland,9.0,UPI,Male,,3,Mobile,2,Single,3,0,18.0,0.0,2.0,2.0,117
15232847,1,0.0,Mobile Phone,Ruizview,35.0,Credit Card,Male,2.0,3,Grocery,5,Married,3,1,18.0,3.0,15.0,14.0,238
9951664,1,5.0,Mobile Phone,Patrickberg,12.0,Debit Card,Male,2.0,4,Mobile,5,Divorced,3,1,17.0,0.0,2.0,11.0,190
680632,0,2.0,Computer,Patrickview,12.0,CC,Male,2.0,4,Laptop & Accessory,4,Single,2,0,13.0,,2.0,2.0,125
8659475,0,0.0,Phone,North Jasmine,,COD,Male,2.0,4,Laptop & Accessory,3,Single,2,0,15.0,4.0,11.0,8.0,103
4517152,0,0.0,Mobile Phone,North Rachel,8.0,COD,Female,2.0,3,Fashion,2,Single,2,1,23.0,0.0,11.0,1.0,137
10318408,0,7.0,Phone,Yufurt,8.0,Debit Card,Male,1.0,3,Mobile,3,Single,2,1,19.0,13.0,15.0,9.0,148
5650346,0,0.0,Computer,East Robertfurt,,Credit Card,Female,3.0,4,Laptop & Accessory,4,Divorced,3,1,13.0,4.0,14.0,7.0,171
10913642,1,1.0,Mobile Phone,Elliottside,17.0,Debit Card,Female,2.0,3,Fashion,2,Divorced,4,0,14.0,1.0,6.0,5.0,289
12728192,0,0.0,Phone,Brandonbury,7.0,Credit Card,Female,3.0,3,Mobile,2,Divorced,5,1,16.0,9.0,4.0,1.0,230
11541960,0,19.0,Mobile Phone,South Markland,6.0,E wallet,Female,2.0,4,Grocery,5,Married,10,1,17.0,0.0,14.0,7.0,197
6249883,0,0.0,Computer,Osborneton,6.0,E wallet,Female,2.0,3,Laptop & Accessory,4,Divorced,2,0,23.0,4.0,4.0,5.0,152
10226055,0,9.0,Computer,New Spencerfurt,8.0,Debit Card,Male,,3,Grocery,2,Married,3,1,22.0,13.0,14.0,7.0,107
3865983,0,0.0,Mobile Phone,Hubbardhaven,11.0,E wallet,Female,3.0,3,Laptop & Accessory,4,Divorced,2,0,14.0,0.0,3.0,,159
15993746,0,3.0,Computer,Lake Lauraville,14.0,Debit Card,Male,3.0,4,Mobile Phone,2,Divorced,4,0,23.0,0.0,9.0,1.0,145
4960165,1,0.0,Mobile Phone,Alexanderberg,11.0,COD,Male,2.0,2,Grocery,2,Divorced,2,0,13.0,2.0,11.0,14.0,263
14359411,0,0.0,Computer,Camachoville,6.0,Debit Card,Female,3.0,4,Laptop & Accessory,2,Divorced,2,1,19.0,2.0,3.0,2.0,105
16729336,0,4.0,Computer,Emilyfort,7.0,Debit Card,Female,,4,Mobile,2,Married,2,1,13.0,5.0,11.0,3.0,115
15865252,0,0.0,Mobile Phone,New Laurie,15.0,CC,Male,3.0,4,Fashion,5,Single,2,0,13.0,12.0,4.0,1.0,175
16228033,0,14.0,Mobile Phone,New Amy,10.0,COD,Female,2.0,4,Mobile,3,Single,6,0,24.0,2.0,7.0,6.0,205
123436,0,,Phone,South Michael,10.0,Credit Card,Male,3.0,5,Laptop & Accessory,3,Divorced,2,0,15.0,0.0,2.0,4.0,121
12389782,0,0.0,Phone,Lake David,12.0,E wallet,Male,3.0,3,Mobile,2,Divorced,3,0,17.0,9.0,3.0,4.0,172
10150799,0,0.0,Phone,South Traciechester,34.0,Debit Card,Male,3.0,2,Fashion,2,Single,2,0,14.0,5.0,9.0,6.0,126
5967908,0,,Phone,Port Elizabeth,9.0,E wallet,Male,3.0,3,Fashion,4,Single,3,0,13.0,4.0,2.0,3.0,195
15501893,0,0.0,Computer,Lake William,6.0,Credit Card,Female,2.0,4,Mobile,4,Married,2,1,16.0,0.0,2.0,,201
5378507,0,,Mobile Phone,East Kathrynmouth,12.0,Credit Card,Male,2.0,5,Laptop & Accessory,4,Divorced,3,1,13.0,2.0,12.0,8.0,127
7827012,0,0.0,Mobile Phone,Riosmouth,8.0,Credit Card,Female,3.0,3,Laptop & Accessory,4,Single,2,0,18.0,0.0,15.0,3.0,177
3245602,1,0.0,Mobile Phone,New David,7.0,Credit Card,Female,3.0,3,Laptop & Accessory,2,Married,5,1,24.0,0.0,2.0,1.0,173
9178531,0,15.0,Mobile Phone,Benjaminville,10.0,CC,Male,3.0,4,Fashion,2,Divorced,3,0,17.0,3.0,10.0,7.0,216
1860784,0,,Computer,Castillostad,6.0,Debit Card,Male,,4,Laptop & Accessory,2,Single,2,0,12.0,1.0,2.0,3.0,167
11936295,0,0.0,Mobile Phone,Johntown,35.0,Debit Card,Male,,3,Laptop & Accessory,3,Divorced,2,1,19.0,0.0,2.0,1.0,142
5932442,0,0.0,Mobile Phone,Williamsside,7.0,Debit Card,Male,3.0,4,Laptop & Accessory,5,Divorced,3,0,20.0,7.0,15.0,3.0,144
7234501,0,,Phone,Hardinhaven,10.0,Debit Card,Male,2.0,3,Laptop & Accessory,2,Divorced,6,0,13.0,8.0,15.0,5.0,199
9399728,1,1.0,Phone,East Danielle,12.0,Debit Card,Male,3.0,4,Grocery,4,Single,2,1,14.0,0.0,14.0,2.0,165
994542,0,0.0,Phone,Ruizville,7.0,COD,Female,2.0,4,Laptop & Accessory,5,Divorced,2,1,14.0,0.0,4.0,1.0,190
12796547,0,7.0,Mobile Phone,Loveborough,26.0,Credit Card,Male,3.0,4,Fashion,3,Married,2,0,13.0,13.0,14.0,8.0,223
1897822,0,0.0,Mobile Phone,Lake Christina,27.0,Debit Card,Male,3.0,3,Laptop & Accessory,3,Married,2,1,12.0,4.0,12.0,8.0,113
7465375,0,0.0,Mobile Phone,Port Mary,21.0,Debit Card,Female,3.0,1,Mobile,2,Divorced,2,1,21.0,0.0,2.0,4.0,147
4352442,0,1.0,Phone,Ashleystad,,Debit Card,Male,3.0,3,Laptop & Accessory,3,Single,2,1,14.0,0.0,2.0,2.0,58
15610354,0,2.0,Phone,New Katherine,16.0,E wallet,Female,2.0,3,Grocery,4,Married,4,1,12.0,4.0,15.0,8.0,258
11284806,0,0.0,Phone,Lake Matthewfort,19.0,UPI,Male,,2,Mobile,2,Married,2,1,12.0,0.0,2.0,1.0,140
7008476,0,0.0,Computer,New Lori,17.0,Credit Card,Male,3.0,3,Fashion,5,Single,2,0,14.0,11.0,15.0,1.0,202
8421001,1,0.0,Phone,Matthewfurt,29.0,CC,Male,,3,Mobile,5,Divorced,2,0,13.0,,10.0,6.0,109
14170480,0,0.0,Phone,North Courtneyshire,7.0,E wallet,Male,3.0,3,Laptop & Accessory,3,Divorced,3,0,21.0,11.0,9.0,2.0,139
8232474,1,5.0,Phone,Lake Adamtown,12.0,Debit Card,Female,3.0,3,Laptop & Accessory,2,Married,4,0,19.0,3.0,9.0,3.0,130
6381632,0,9.0,Mobile Phone,Aaronport,6.0,Debit Card,Female,,1,Fashion,4,Divorced,5,0,19.0,0.0,2.0,2.0,146
1998204,1,,Mobile Phone,North Stephanie,22.0,UPI,Male,2.0,3,Mobile Phone,3,Single,2,0,19.0,0.0,15.0,12.0,234
12853459,0,4.0,Computer,North Timothyborough,26.0,Debit Card,Female,3.0,4,Mobile,2,Divorced,3,1,20.0,2.0,2.0,2.0,140
2657516,0,3.0,Computer,South Aliceburgh,27.0,Credit Card,Female,2.0,4,Fashion,2,Divorced,2,0,14.0,1.0,14.0,5.0,168
14794111,0,0.0,Mobile Phone,Cookfurt,6.0,Debit Card,Male,3.0,4,Mobile,4,Single,2,1,15.0,,14.0,2.0,165
5634227,0,8.0,Mobile Phone,Seanstad,29.0,Credit Card,Male,2.0,3,Others,5,Married,2,0,14.0,0.0,13.0,3.0,206
8408523,0,0.0,Mobile Phone,Smithstad,8.0,Debit Card,Male,2.0,3,Mobile,5,Divorced,2,1,13.0,0.0,2.0,6.0,136
7976561,0,0.0,Mobile Phone,Joymouth,6.0,CC,Male,2.0,2,Mobile,2,Single,2,0,12.0,3.0,,3.0,184
8344786,0,10.0,Mobile Phone,Lake Patriciaburgh,11.0,Debit Card,Male,2.0,3,Laptop & Accessory,2,Divorced,3,0,17.0,0.0,2.0,5.0,160
2184427,0,2.0,Mobile Phone,North Jerryton,6.0,E wallet,Male,2.0,3,Fashion,3,Divorced,3,1,20.0,0.0,2.0,1.0,154
13933775,1,10.0,Phone,East Jessica,6.0,COD,Male,3.0,4,Laptop & Accessory,3,Single,2,0,13.0,5.0,2.0,4.0,165
2397023,0,0.0,Mobile Phone,South Shanechester,14.0,E wallet,Female,2.0,4,Fashion,3,Divorced,12,0,25.0,0.0,3.0,4.0,250
9151317,0,4.0,Mobile Phone,South Maryfort,9.0,COD,Female,2.0,3,Laptop & Accessory,3,Single,3,0,13.0,7.0,11.0,3.0,175
4322595,0,,Phone,Micheleberg,26.0,Debit Card,Female,2.0,3,Others,5,Married,4,1,17.0,0.0,2.0,2.0,165
1197571,0,17.0,Mobile Phone,Angelaport,18.0,E wallet,Male,3.0,5,Mobile Phone,2,Single,3,0,18.0,0.0,13.0,6.0,222
11976671,0,,Phone,Birdtown,,UPI,Male,2.0,4,Laptop & Accessory,2,Single,3,0,12.0,0.0,2.0,5.0,126
14005570,0,,Computer,Port Jeffreyborough,7.0,CC,Male,2.0,5,Mobile Phone,3,Divorced,3,0,24.0,0.0,,1.0,138
3645539,0,4.0,Mobile Phone,West Jason,14.0,E wallet,Male,3.0,3,Mobile,5,Married,13,0,,1.0,2.0,3.0,242
1094963,0,7.0,Phone,New Margaret,7.0,Debit Card,Male,2.0,3,Mobile,5,Single,6,1,18.0,0.0,3.0,4.0,142
12262438,0,9.0,Mobile Phone,Odomside,15.0,Cash on Delivery,Female,3.0,4,Mobile,2,Single,4,1,13.0,0.0,2.0,2.0,120
14634236,0,0.0,Mobile Phone,Cherylshire,10.0,Debit Card,Male,3.0,2,Laptop & Accessory,2,Divorced,2,0,15.0,0.0,2.0,5.0,137
13569963,0,0.0,Computer,South Mandy,,Credit Card,Female,2.0,3,Mobile Phone,3,Divorced,2,0,12.0,2.0,14.0,4.0,204
13594171,0,0.0,Phone,Lake Jeffrey,35.0,Credit Card,Male,2.0,3,Laptop & Accessory,3,Divorced,2,0,18.0,4.0,2.0,1.0,182
2673392,0,1.0,Phone,New Albert,9.0,Credit Card,Female,3.0,2,Laptop & Accessory,5,Single,2,0,15.0,5.0,7.0,4.0,176
6529747,0,7.0,Mobile Phone,Shannonstad,28.0,Debit Card,Female,2.0,3,Laptop & Accessory,3,Single,2,0,13.0,0.0,2.0,2.0,139
7283236,0,4.0,Mobile Phone,Nunezborough,27.0,Debit Card,Male,,4,Laptop & Accessory,2,Married,4,0,15.0,8.0,15.0,10.0,200
802974,1,0.0,Computer,Robertsburgh,24.0,E wallet,Female,2.0,4,Laptop & Accessory,5,Single,2,0,14.0,0.0,3.0,,155
4755020,0,0.0,Phone,Kelseyfurt,,Debit Card,Male,2.0,3,Grocery,4,Divorced,5,0,15.0,,2.0,9.0,169
12727440,0,9.0,Phone,South Stephanie,22.0,E wallet,Female,3.0,1,Others,3,Single,14,0,16.0,4.0,4.0,10.0,249
3722011,0,4.0,Phone,New Rebecca,25.0,CC,Male,3.0,3,Laptop & Accessory,2,Divorced,5,0,18.0,3.0,2.0,1.0,126
9758917,0,,Mobile Phone,Sherryside,8.0,E wallet,Female,3.0,3,Mobile,4,Married,2,0,14.0,1.0,15.0,6.0,168
930151,0,6.0,Mobile Phone,Lake Brian,20.0,Debit Card,Female,3.0,3,Grocery,5,Married,6,1,23.0,0.0,8.0,1.0,217
9543475,0,1.0,Mobile Phone,Hayesshire,19.0,Credit Card,Female,3.0,3,Others,3,Married,4,0,15.0,0.0,2.0,1.0,178
2019090,0,0.0,Computer,South Reneeville,9.0,Debit Card,Male,,3,Mobile,3,Single,6,1,17.0,2.0,14.0,7.0,123
5727256,0,1.0,Mobile Phone,Holmesland,27.0,Debit Card,Male,2.0,4,Mobile,2,Single,2,0,21.0,0.0,15.0,2.0,117
5596607,1,0.0,Computer,Johnsonville,19.0,Debit Card,Female,3.0,3,Mobile,2,Divorced,3,0,14.0,1.0,6.0,3.0,136
1899332,0,7.0,Computer,Ruizport,32.0,Credit Card,Female,3.0,3,Fashion,2,Divorced,2,0,20.0,13.0,15.0,14.0,248
2455127,0,1.0,Computer,Lisaberg,15.0,Debit Card,Female,2.0,4,Laptop & Accessory,3,Married,2,1,12.0,1.0,2.0,13.0,137
15882131,0,10.0,Computer,Lake Edward,14.0,Credit Card,Male,2.0,4,Mobile,3,Divorced,2,0,14.0,6.0,14.0,3.0,162
7300448,0,4.0,Computer,Evanborough,9.0,Credit Card,Female,2.0,3,Laptop & Accessory,5,Married,2,1,12.0,0.0,2.0,5.0,186
2338219,1,0.0,Phone,New Amber,,COD,Female,,4,Mobile,3,Married,3,1,19.0,0.0,2.0,1.0,137
16433696,0,,Mobile Phone,Smithshire,10.0,Credit Card,Female,3.0,5,Laptop & Accessory,4,Divorced,2,0,20.0,0.0,2.0,11.0,154
241147,0,,Phone,Port Tiffany,15.0,Credit Card,Male,3.0,3,Mobile,3,Single,2,1,12.0,8.0,13.0,2.0,181
10431052,0,0.0,Phone,Port Robertmouth,24.0,E wallet,Male,3.0,1,Mobile,3,Single,5,0,25.0,2.0,2.0,2.0,171
9914452,0,3.0,Computer,Linmouth,7.0,COD,Female,3.0,3,Laptop & Accessory,4,Divorced,3,0,13.0,3.0,2.0,10.0,178
13448787,0,,Mobile Phone,New Alexandriaberg,8.0,E wallet,Male,3.0,4,Laptop & Accessory,5,Single,5,0,18.0,2.0,2.0,1.0,219
15317078,0,0.0,Mobile Phone,Lindsayton,11.0,Debit Card,Male,3.0,4,Mobile,3,Divorced,3,1,24.0,0.0,,1.0,166
10109977,0,30.0,Mobile Phone,Santosfort,7.0,Credit Card,Female,2.0,4,Laptop & Accessory,2,Divorced,5,0,19.0,0.0,4.0,8.0,196
5351520,1,,Computer,Lake Danielstad,26.0,Credit Card,Male,2.0,4,Laptop & Accessory,2,Married,2,0,12.0,4.0,10.0,13.0,99
10636466,0,27.0,Mobile Phone,Jonhaven,35.0,Credit Card,Female,2.0,3,Fashion,4,Married,2,0,12.0,0.0,15.0,14.0,209
11817481,0,7.0,Mobile Phone,New Kelsey,11.0,CC,Female,2.0,5,Mobile Phone,2,Divorced,2,0,22.0,0.0,2.0,6.0,139
14492613,0,0.0,Mobile Phone,West Valerieside,24.0,COD,Female,3.0,3,Laptop & Accessory,3,Single,5,1,15.0,0.0,2.0,5.0,186
3688080,0,24.0,Phone,West Hunter,19.0,Credit Card,Male,2.0,4,Laptop & Accessory,3,Divorced,4,0,16.0,0.0,4.0,4.0,152
5649196,1,0.0,Phone,Wigginsfurt,25.0,CC,Male,3.0,3,Mobile,3,Single,2,0,,0.0,3.0,2.0,180
15073597,0,7.0,Phone,Lisatown,9.0,Credit Card,Male,3.0,3,Fashion,3,Divorced,3,0,16.0,1.0,3.0,2.0,144
3778810,0,22.0,Mobile Phone,New Kristina,21.0,E wallet,Female,2.0,3,Laptop & Accessory,4,Married,2,0,14.0,0.0,6.0,7.0,127
13595842,0,2.0,Mobile Phone,Nelsonmouth,16.0,Debit Card,Female,3.0,3,Mobile Phone,3,Divorced,3,0,17.0,0.0,2.0,3.0,148
13991285,1,3.0,Phone,Sotoberg,18.0,E wallet,Female,2.0,3,Laptop & Accessory,2,Single,2,0,15.0,0.0,2.0,1.0,128
15960870,0,0.0,Mobile Phone,Port Christinemouth,,Credit Card,Male,,3,Laptop & Accessory,5,Divorced,2,0,19.0,,15.0,3.0,182
16166048,0,0.0,Mobile Phone,Port Justin,8.0,CC,Female,2.0,3,Laptop & Accessory,3,Single,4,1,16.0,0.0,7.0,5.0,143
9808051,0,0.0,Computer,Seanburgh,35.0,Debit Card,Male,2.0,3,Laptop & Accessory,2,Married,3,0,19.0,0.0,14.0,1.0,129
7796825,0,0.0,Mobile Phone,Tatechester,9.0,Credit Card,Male,2.0,4,Mobile,4,Divorced,2,0,14.0,7.0,15.0,4.0,222
16424590,0,10.0,Phone,North Michael,17.0,CC,Female,2.0,4,Others,3,Single,5,1,12.0,13.0,14.0,3.0,208
13774959,0,2.0,Computer,Allisontown,21.0,UPI,Male,2.0,4,Fashion,5,Single,2,0,13.0,1.0,3.0,3.0,92
11497356,0,19.0,Mobile Phone,South Richard,18.0,Credit Card,Female,2.0,3,Others,2,Divorced,4,1,14.0,3.0,10.0,7.0,244
8914970,0,11.0,Phone,Williamsfurt,22.0,CC,Female,3.0,3,Laptop & Accessory,4,Single,4,0,13.0,3.0,10.0,6.0,175
1395470,1,0.0,Computer,Kingport,,E wallet,Male,3.0,3,Mobile,5,Single,3,1,12.0,2.0,4.0,4.0,175
868461,0,9.0,Mobile Phone,Coreyburgh,13.0,Debit Card,Female,,3,Fashion,2,Divorced,3,0,17.0,2.0,3.0,1.0,181
11967853,0,,Phone,Emmahaven,,Debit Card,Female,3.0,3,Grocery,3,Divorced,2,0,15.0,0.0,4.0,16.0,283
11772047,0,1.0,Mobile Phone,Scottborough,11.0,Debit Card,Male,3.0,3,Mobile Phone,5,Married,2,0,14.0,3.0,9.0,3.0,173
15383399,0,1.0,Mobile Phone,West Victorfort,29.0,Credit Card,Female,3.0,3,Laptop & Accessory,3,Divorced,5,0,19.0,1.0,2.0,1.0,155
11617824,1,1.0,Mobile Phone,Fisherville,6.0,Debit Card,Male,2.0,3,Laptop & Accessory,3,Divorced,11,0,15.0,4.0,2.0,1.0,173
1496918,0,0.0,Phone,Port Matthew,7.0,Credit Card,Male,2.0,4,Laptop & Accessory,5,Married,2,1,12.0,10.0,15.0,7.0,189
10238669,0,30.0,Mobile Phone,Wrighttown,17.0,Debit Card,Female,3.0,3,Others,3,Married,6,1,18.0,6.0,15.0,17.0,298
7034169,0,10.0,Mobile Phone,Bonniemouth,32.0,Debit Card,Female,2.0,3,Mobile,3,Divorced,3,1,22.0,5.0,15.0,4.0,235
1032447,0,,Mobile Phone,New Robert,13.0,CC,Male,3.0,4,Mobile Phone,5,Divorced,8,0,22.0,1.0,12.0,2.0,261
15049895,0,1.0,Computer,Salazarborough,7.0,E wallet,Female,2.0,4,Laptop & Accessory,3,Divorced,2,0,14.0,1.0,3.0,1.0,118
921467,0,2.0,Mobile Phone,Guerraville,18.0,Debit Card,Female,2.0,4,Fashion,5,Married,5,0,19.0,2.0,10.0,5.0,300
3538057,0,1.0,Computer,Freyview,,Credit Card,Male,2.0,3,Fashion,2,Single,2,0,19.0,0.0,8.0,1.0,173
16446565,0,0.0,Phone,Williamsland,9.0,Credit Card,Male,2.0,3,Others,5,Single,2,0,23.0,,5.0,3.0,202
2236172,0,14.0,Mobile Phone,Castanedahaven,6.0,E wallet,Male,2.0,3,Mobile,4,Single,3,1,13.0,3.0,2.0,9.0,255
